{"cameraMode":{"drawMode":0,"name":"Shaded","section":"Shading Mode"},"sceneLighting":false,"audioPlay":false,"sceneViewState":{"showFog":true,"showMaterialUpdate":true,"showSkybox":false,"showFlares":true,"showImageEffects":true,"showParticleSystems":true,"showVisualEffectGraphs":true,"m_FxEnabled":true},"in2DMode":false,"pivot":{"x":0.4894289970397949,"y":0.5833938121795654,"z":0.007389068603515625},"rotation":{"x":-0.024305889382958413,"y":-0.009900127537548542,"z":0.0002407655556453392,"w":-0.9996562004089356},"size":2.0660252571105959,"orthographic":false}